{
  "accuracy": 0.9878345498783455,
  "f1": 0.0,
  "precision": 0.0,
  "recall": 0.0,
  "roc_auc": 0.7824244909115757
}